{
    "dependencies": {
        "github.com/aws/aws-sdk-go-v2": "v1.4.0",
        "github.com/aws/smithy-go": "v1.4.0"
    },
    "files": [
        "api_client.go",
        "api_op_GetRoleCredentials.go",
        "api_op_ListAccountRoles.go",
        "api_op_ListAccounts.go",
        "api_op_Logout.go",
        "deserializers.go",
        "doc.go",
        "endpoints.go",
        "generated.json",
        "internal/endpoints/endpoints.go",
        "internal/endpoints/endpoints_test.go",
        "protocol_test.go",
        "serializers.go",
        "types/errors.go",
        "types/types.go",
        "validators.go"
    ],
    "go": "1.15",
    "module": "github.com/aws/aws-sdk-go-v2/service/sso",
    "unstable": false
}
