{
 "ID": "2021-04-23",
 "SchemaVersion": 1,
 "VersionBumps": {
  "feature/rds/auth": {
   "From": "",
   "To": "v1.0.0"
  },
  "service/cloudformation": {
   "From": "v1.3.1",
   "To": "v1.3.2"
  },
  "service/cognitoidentityprovider": {
   "From": "v1.2.2",
   "To": "v1.2.3"
  },
  "service/costexplorer": {
   "From": "v1.3.1",
   "To": "v1.4.0"
  },
  "service/databasemigrationservice": {
   "From": "v1.2.2",
   "To": "v1.3.0"
  },
  "service/detective": {
   "From": "v1.3.1",
   "To": "v1.4.0"
  },
  "service/elasticache": {
   "From": "v1.3.0",
   "To": "v1.4.0"
  },
  "service/forecast": {
   "From": "v1.2.2",
   "To": "v1.3.0"
  },
  "service/groundstation": {
   "From": "v1.2.2",
   "To": "v1.3.0"
  },
  "service/internal/integrationtest": {
   "From": "v0.5.3",
   "To": "v0.5.4"
  },
  "service/kendra": {
   "From": "v1.2.0",
   "To": "v1.3.0"
  },
  "service/redshift": {
   "From": "v1.4.0",
   "To": "v1.5.0"
  },
  "service/savingsplans": {
   "From": "v1.1.5",
   "To": "v1.2.0"
  },
  "service/securityhub": {
   "From": "v1.2.2",
   "To": "v1.3.0"
  }
 },
 "Changes": [
  {
   "ID": "feature.rds.auth-feature-1619126693329855000",
   "SchemaVersion": 1,
   "Module": "feature/rds/auth",
   "Type": "feature",
   "Description": "Add Support for Amazon RDS IAM Authentication",
   "MinVersion": "v1.0.0",
   "AffectedModules": null
  },
  {
   "ID": "service.cloudformation-bugfix-1619126289525602000",
   "SchemaVersion": 1,
   "Module": "service/cloudformation",
   "Type": "documentation",
   "Description": "Service Documentation Updates",
   "MinVersion": "",
   "AffectedModules": null
  },
  {
   "ID": "service.cognitoidentityprovider-bugfix-1619126298356301000",
   "SchemaVersion": 1,
   "Module": "service/cognitoidentityprovider",
   "Type": "documentation",
   "Description": "Service Documentation Updates",
   "MinVersion": "",
   "AffectedModules": null
  },
  {
   "ID": "service.costexplorer-feature-1619126324274485000",
   "SchemaVersion": 1,
   "Module": "service/costexplorer",
   "Type": "feature",
   "Description": "Service API Updates",
   "MinVersion": "",
   "AffectedModules": null
  },
  {
   "ID": "service.databasemigrationservice-feature-1619126361363712000",
   "SchemaVersion": 1,
   "Module": "service/databasemigrationservice",
   "Type": "feature",
   "Description": "Service API Updates",
   "MinVersion": "",
   "AffectedModules": null
  },
  {
   "ID": "service.detective-feature-1619126369683888000",
   "SchemaVersion": 1,
   "Module": "service/detective",
   "Type": "feature",
   "Description": "Service API Updates",
   "MinVersion": "",
   "AffectedModules": null
  },
  {
   "ID": "service.elasticache-feature-1619126377517141000",
   "SchemaVersion": 1,
   "Module": "service/elasticache",
   "Type": "feature",
   "Description": "Service API Updates",
   "MinVersion": "",
   "AffectedModules": null
  },
  {
   "ID": "service.forecast-feature-1619126384754726000",
   "SchemaVersion": 1,
   "Module": "service/forecast",
   "Type": "feature",
   "Description": "Service API Updates",
   "MinVersion": "",
   "AffectedModules": null
  },
  {
   "ID": "service.groundstation-feature-1619126395248932000",
   "SchemaVersion": 1,
   "Module": "service/groundstation",
   "Type": "feature",
   "Description": "Service API Updates",
   "MinVersion": "",
   "AffectedModules": null
  },
  {
   "ID": "service.kendra-feature-1619126404264997000",
   "SchemaVersion": 1,
   "Module": "service/kendra",
   "Type": "feature",
   "Description": "Service API Updates",
   "MinVersion": "",
   "AffectedModules": null
  },
  {
   "ID": "service.redshift-feature-1619126412953184000",
   "SchemaVersion": 1,
   "Module": "service/redshift",
   "Type": "feature",
   "Description": "Service API Updates",
   "MinVersion": "",
   "AffectedModules": null
  },
  {
   "ID": "service.savingsplans-feature-1619126423578256000",
   "SchemaVersion": 1,
   "Module": "service/savingsplans",
   "Type": "feature",
   "Description": "Service API Updates",
   "MinVersion": "",
   "AffectedModules": null
  },
  {
   "ID": "service.securityhub-feature-1619126430652769000",
   "SchemaVersion": 1,
   "Module": "service/securityhub",
   "Type": "feature",
   "Description": "Service API Updates",
   "MinVersion": "",
   "AffectedModules": null
  },
  {
   "ID": "wildcard-dependency-1619216243166095000",
   "SchemaVersion": 1,
   "Module": "...",
   "Type": "dependency",
   "Description": "Updated SDK dependencies to their latest versions.",
   "MinVersion": "",
   "AffectedModules": [
    "service/internal/integrationtest"
   ]
  }
 ]
}