{
 "ID": "2021-04-14",
 "SchemaVersion": 1,
 "VersionBumps": {
  "config": {
   "From": "v1.1.5",
   "To": "v1.1.6"
  },
  "credentials": {
   "From": "v1.1.5",
   "To": "v1.1.6"
  },
  "example/service/s3/listObjects": {
   "From": "v0.2.7",
   "To": "v0.2.8"
  },
  "example/service/s3/usingPrivateLink": {
   "From": "v0.1.4",
   "To": "v0.1.5"
  },
  "feature/s3/manager": {
   "From": "v1.1.2",
   "To": "v1.1.3"
  },
  "service/codebuild": {
   "From": "v1.2.2",
   "To": "v1.3.0"
  },
  "service/codestarconnections": {
   "From": "v1.1.5",
   "To": "v1.2.0"
  },
  "service/comprehendmedical": {
   "From": "v1.1.5",
   "To": "v1.2.0"
  },
  "service/configservice": {
   "From": "v1.3.1",
   "To": "v1.4.0"
  },
  "service/ec2": {
   "From": "v1.4.0",
   "To": "v1.5.0"
  },
  "service/fsx": {
   "From": "v1.2.2",
   "To": "v1.3.0"
  },
  "service/internal/integrationtest": {
   "From": "v0.5.2",
   "To": "v0.5.3"
  },
  "service/lightsail": {
   "From": "v1.3.0",
   "To": "v1.4.0"
  },
  "service/mediaconnect": {
   "From": "v1.2.2",
   "To": "v1.3.0"
  },
  "service/rds": {
   "From": "v1.2.2",
   "To": "v1.3.0"
  },
  "service/redshift": {
   "From": "v1.3.1",
   "To": "v1.4.0"
  },
  "service/s3/internal/configtesting": {
   "From": "v1.1.2",
   "To": "v1.1.3"
  },
  "service/shield": {
   "From": "v1.2.2",
   "To": "v1.3.0"
  },
  "service/sts": {
   "From": "v1.2.2",
   "To": "v1.3.0"
  }
 },
 "Changes": [
  {
   "ID": "service.codebuild-feature-1618434065941089000",
   "SchemaVersion": 1,
   "Module": "service/codebuild",
   "Type": "feature",
   "Description": "API client updated",
   "MinVersion": "",
   "AffectedModules": null
  },
  {
   "ID": "service.codestarconnections-feature-1618434065955012000",
   "SchemaVersion": 1,
   "Module": "service/codestarconnections",
   "Type": "feature",
   "Description": "API client updated",
   "MinVersion": "",
   "AffectedModules": null
  },
  {
   "ID": "service.comprehendmedical-feature-1618434065970280000",
   "SchemaVersion": 1,
   "Module": "service/comprehendmedical",
   "Type": "feature",
   "Description": "API client updated",
   "MinVersion": "",
   "AffectedModules": null
  },
  {
   "ID": "service.configservice-feature-1618434065986453000",
   "SchemaVersion": 1,
   "Module": "service/configservice",
   "Type": "feature",
   "Description": "API client updated",
   "MinVersion": "",
   "AffectedModules": null
  },
  {
   "ID": "service.ec2-feature-1618434066002616000",
   "SchemaVersion": 1,
   "Module": "service/ec2",
   "Type": "feature",
   "Description": "API client updated",
   "MinVersion": "",
   "AffectedModules": null
  },
  {
   "ID": "service.fsx-feature-1618434066018929000",
   "SchemaVersion": 1,
   "Module": "service/fsx",
   "Type": "feature",
   "Description": "API client updated",
   "MinVersion": "",
   "AffectedModules": null
  },
  {
   "ID": "service.lightsail-feature-1618434066034745000",
   "SchemaVersion": 1,
   "Module": "service/lightsail",
   "Type": "feature",
   "Description": "API client updated",
   "MinVersion": "",
   "AffectedModules": null
  },
  {
   "ID": "service.mediaconnect-feature-1618434066050311000",
   "SchemaVersion": 1,
   "Module": "service/mediaconnect",
   "Type": "feature",
   "Description": "API client updated",
   "MinVersion": "",
   "AffectedModules": null
  },
  {
   "ID": "service.rds-feature-1618434066068818000",
   "SchemaVersion": 1,
   "Module": "service/rds",
   "Type": "feature",
   "Description": "API client updated",
   "MinVersion": "",
   "AffectedModules": null
  },
  {
   "ID": "service.redshift-feature-1618434066084956000",
   "SchemaVersion": 1,
   "Module": "service/redshift",
   "Type": "feature",
   "Description": "API client updated",
   "MinVersion": "",
   "AffectedModules": null
  },
  {
   "ID": "service.shield-feature-1618434066102878000",
   "SchemaVersion": 1,
   "Module": "service/shield",
   "Type": "feature",
   "Description": "API client updated",
   "MinVersion": "",
   "AffectedModules": null
  },
  {
   "ID": "service.sts-feature-1618434066119716000",
   "SchemaVersion": 1,
   "Module": "service/sts",
   "Type": "feature",
   "Description": "API client updated",
   "MinVersion": "",
   "AffectedModules": null
  },
  {
   "ID": "wildcard-dependency-1618445147935167000",
   "SchemaVersion": 1,
   "Module": "...",
   "Type": "dependency",
   "Description": "Updated SDK dependencies to their latest versions.",
   "MinVersion": "",
   "AffectedModules": [
    "service/s3/internal/configtesting",
    "service/internal/integrationtest",
    "config",
    "credentials",
    "example/service/s3/listObjects",
    "example/service/s3/usingPrivateLink",
    "feature/s3/manager"
   ]
  }
 ]
}