{
 "ID": "2021-03-18",
 "SchemaVersion": 1,
 "VersionBumps": {
  "/": {
   "From": "v1.2.1",
   "To": "v1.3.0"
  },
  "config": {
   "From": "v1.1.2",
   "To": "v1.1.3"
  },
  "credentials": {
   "From": "v1.1.2",
   "To": "v1.1.3"
  },
  "example/service/s3/listObjects": {
   "From": "v0.2.4",
   "To": "v0.2.5"
  },
  "example/service/s3/usingPrivateLink": {
   "From": "v0.1.1",
   "To": "v0.1.2"
  },
  "feature/cloudfront/sign": {
   "From": "v1.0.3",
   "To": "v1.0.4"
  },
  "feature/dynamodb/attributevalue": {
   "From": "v1.0.3",
   "To": "v1.0.4"
  },
  "feature/dynamodb/expression": {
   "From": "v1.0.3",
   "To": "v1.0.4"
  },
  "feature/dynamodbstreams/attributevalue": {
   "From": "v1.0.3",
   "To": "v1.0.4"
  },
  "feature/ec2/imds": {
   "From": "v1.0.3",
   "To": "v1.0.4"
  },
  "feature/s3/manager": {
   "From": "v1.0.3",
   "To": "v1.1.0"
  },
  "internal/protocoltest/awsrestjson": {
   "From": "v0.2.4",
   "To": "v0.2.5"
  },
  "internal/protocoltest/ec2query": {
   "From": "v0.2.4",
   "To": "v0.2.5"
  },
  "internal/protocoltest/jsonrpc": {
   "From": "v0.2.4",
   "To": "v0.2.5"
  },
  "internal/protocoltest/jsonrpc10": {
   "From": "v0.2.4",
   "To": "v0.2.5"
  },
  "internal/protocoltest/query": {
   "From": "v0.2.4",
   "To": "v0.2.5"
  },
  "internal/protocoltest/restxml": {
   "From": "v0.2.4",
   "To": "v0.2.5"
  },
  "internal/protocoltest/restxmlwithnamespace": {
   "From": "v0.1.3",
   "To": "v0.1.4"
  },
  "internal/repotools/changes": {
   "From": "v0.2.4",
   "To": "v0.2.5"
  },
  "service/accessanalyzer": {
   "From": "v1.1.2",
   "To": "v1.2.0"
  },
  "service/acm": {
   "From": "v1.1.2",
   "To": "v1.2.0"
  },
  "service/acmpca": {
   "From": "v1.1.2",
   "To": "v1.2.0"
  },
  "service/alexaforbusiness": {
   "From": "v1.1.2",
   "To": "v1.2.0"
  },
  "service/amp": {
   "From": "",
   "To": "v1.0.0"
  },
  "service/amplify": {
   "From": "v1.1.2",
   "To": "v1.1.3"
  },
  "service/amplifybackend": {
   "From": "",
   "To": "v1.0.0"
  },
  "service/apigateway": {
   "From": "v1.1.2",
   "To": "v1.2.0"
  },
  "service/apigatewaymanagementapi": {
   "From": "v1.1.2",
   "To": "v1.1.3"
  },
  "service/apigatewayv2": {
   "From": "v1.1.2",
   "To": "v1.2.0"
  },
  "service/appconfig": {
   "From": "v1.1.2",
   "To": "v1.1.3"
  },
  "service/appflow": {
   "From": "v1.1.2",
   "To": "v1.2.0"
  },
  "service/appintegrations": {
   "From": "v1.1.2",
   "To": "v1.2.0"
  },
  "service/applicationautoscaling": {
   "From": "v1.1.2",
   "To": "v1.2.0"
  },
  "service/applicationdiscoveryservice": {
   "From": "v1.1.2",
   "To": "v1.1.3"
  },
  "service/applicationinsights": {
   "From": "v1.1.2",
   "To": "v1.1.3"
  },
  "service/appmesh": {
   "From": "v1.1.2",
   "To": "v1.2.0"
  },
  "service/appstream": {
   "From": "v1.1.2",
   "To": "v1.2.0"
  },
  "service/appsync": {
   "From": "v1.1.2",
   "To": "v1.2.0"
  },
  "service/athena": {
   "From": "v1.1.2",
   "To": "v1.2.0"
  },
  "service/auditmanager": {
   "From": "v1.1.2",
   "To": "v1.2.0"
  },
  "service/autoscaling": {
   "From": "v1.1.2",
   "To": "v1.2.0"
  },
  "service/autoscalingplans": {
   "From": "v1.1.2",
   "To": "v1.2.0"
  },
  "service/backup": {
   "From": "v1.1.2",
   "To": "v1.2.0"
  },
  "service/batch": {
   "From": "v1.1.2",
   "To": "v1.2.0"
  },
  "service/braket": {
   "From": "v1.1.2",
   "To": "v1.2.0"
  },
  "service/budgets": {
   "From": "v1.1.2",
   "To": "v1.1.3"
  },
  "service/chime": {
   "From": "v1.1.2",
   "To": "v1.2.0"
  },
  "service/cloud9": {
   "From": "v1.1.2",
   "To": "v1.1.3"
  },
  "service/clouddirectory": {
   "From": "v1.1.2",
   "To": "v1.1.3"
  },
  "service/cloudformation": {
   "From": "v1.1.2",
   "To": "v1.2.0"
  },
  "service/cloudfront": {
   "From": "v1.1.2",
   "To": "v1.2.0"
  },
  "service/cloudhsm": {
   "From": "v1.1.2",
   "To": "v1.1.3"
  },
  "service/cloudhsmv2": {
   "From": "v1.1.2",
   "To": "v1.1.3"
  },
  "service/cloudsearch": {
   "From": "v1.1.2",
   "To": "v1.2.0"
  },
  "service/cloudsearchdomain": {
   "From": "v1.1.2",
   "To": "v1.2.0"
  },
  "service/cloudtrail": {
   "From": "v1.1.2",
   "To": "v1.2.0"
  },
  "service/cloudwatch": {
   "From": "v1.1.2",
   "To": "v1.2.0"
  },
  "service/cloudwatchevents": {
   "From": "v1.1.2",
   "To": "v1.2.0"
  },
  "service/cloudwatchlogs": {
   "From": "v1.1.2",
   "To": "v1.2.0"
  },
  "service/codeartifact": {
   "From": "v1.1.2",
   "To": "v1.1.3"
  },
  "service/codebuild": {
   "From": "v1.1.2",
   "To": "v1.2.0"
  },
  "service/codecommit": {
   "From": "v1.1.2",
   "To": "v1.1.3"
  },
  "service/codedeploy": {
   "From": "v1.1.2",
   "To": "v1.2.0"
  },
  "service/codeguruprofiler": {
   "From": "v1.1.2",
   "To": "v1.2.0"
  },
  "service/codegurureviewer": {
   "From": "v1.1.2",
   "To": "v1.2.0"
  },
  "service/codepipeline": {
   "From": "v1.1.2",
   "To": "v1.2.0"
  },
  "service/codestar": {
   "From": "v1.1.2",
   "To": "v1.1.3"
  },
  "service/codestarconnections": {
   "From": "v1.1.2",
   "To": "v1.1.3"
  },
  "service/codestarnotifications": {
   "From": "v1.1.2",
   "To": "v1.1.3"
  },
  "service/cognitoidentity": {
   "From": "v1.1.2",
   "To": "v1.2.0"
  },
  "service/cognitoidentityprovider": {
   "From": "v1.1.2",
   "To": "v1.2.0"
  },
  "service/cognitosync": {
   "From": "v1.1.2",
   "To": "v1.1.3"
  },
  "service/comprehend": {
   "From": "v1.1.2",
   "To": "v1.2.0"
  },
  "service/comprehendmedical": {
   "From": "v1.1.2",
   "To": "v1.1.3"
  },
  "service/computeoptimizer": {
   "From": "v1.1.2",
   "To": "v1.2.0"
  },
  "service/configservice": {
   "From": "v1.1.2",
   "To": "v1.2.0"
  },
  "service/connect": {
   "From": "v1.1.2",
   "To": "v1.2.0"
  },
  "service/connectcontactlens": {
   "From": "v1.1.2",
   "To": "v1.2.0"
  },
  "service/connectparticipant": {
   "From": "v1.1.2",
   "To": "v1.1.3"
  },
  "service/costandusagereportservice": {
   "From": "v1.1.2",
   "To": "v1.2.0"
  },
  "service/costexplorer": {
   "From": "v1.1.2",
   "To": "v1.2.0"
  },
  "service/customerprofiles": {
   "From": "v1.1.2",
   "To": "v1.2.0"
  },
  "service/databasemigrationservice": {
   "From": "v1.1.2",
   "To": "v1.2.0"
  },
  "service/databrew": {
   "From": "v1.1.2",
   "To": "v1.2.0"
  },
  "service/dataexchange": {
   "From": "v1.1.2",
   "To": "v1.2.0"
  },
  "service/datapipeline": {
   "From": "v1.1.2",
   "To": "v1.1.3"
  },
  "service/datasync": {
   "From": "v1.1.2",
   "To": "v1.2.0"
  },
  "service/dax": {
   "From": "v1.1.2",
   "To": "v1.1.3"
  },
  "service/detective": {
   "From": "v1.1.2",
   "To": "v1.2.0"
  },
  "service/devicefarm": {
   "From": "v1.1.2",
   "To": "v1.1.3"
  },
  "service/devopsguru": {
   "From": "v1.1.2",
   "To": "v1.2.0"
  },
  "service/directconnect": {
   "From": "v1.1.2",
   "To": "v1.2.0"
  },
  "service/directoryservice": {
   "From": "v1.1.2",
   "To": "v1.1.3"
  },
  "service/dlm": {
   "From": "v1.1.2",
   "To": "v1.2.0"
  },
  "service/docdb": {
   "From": "v1.2.0",
   "To": "v1.3.0"
  },
  "service/dynamodb": {
   "From": "v1.1.2",
   "To": "v1.2.0"
  },
  "service/dynamodbstreams": {
   "From": "v1.1.2",
   "To": "v1.1.3"
  },
  "service/ebs": {
   "From": "v1.1.2",
   "To": "v1.2.0"
  },
  "service/ec2": {
   "From": "v1.1.2",
   "To": "v1.2.0"
  },
  "service/ec2instanceconnect": {
   "From": "v1.1.2",
   "To": "v1.1.3"
  },
  "service/ecr": {
   "From": "v1.1.2",
   "To": "v1.2.0"
  },
  "service/ecrpublic": {
   "From": "v1.1.2",
   "To": "v1.2.0"
  },
  "service/ecs": {
   "From": "v1.1.2",
   "To": "v1.2.0"
  },
  "service/efs": {
   "From": "v1.1.2",
   "To": "v1.2.0"
  },
  "service/eks": {
   "From": "v1.1.2",
   "To": "v1.2.0"
  },
  "service/elasticache": {
   "From": "v1.1.2",
   "To": "v1.2.0"
  },
  "service/elasticbeanstalk": {
   "From": "v1.1.2",
   "To": "v1.2.0"
  },
  "service/elasticinference": {
   "From": "v1.1.2",
   "To": "v1.1.3"
  },
  "service/elasticloadbalancing": {
   "From": "v1.1.2",
   "To": "v1.2.0"
  },
  "service/elasticloadbalancingv2": {
   "From": "v1.1.2",
   "To": "v1.2.0"
  },
  "service/elasticsearchservice": {
   "From": "v1.1.2",
   "To": "v1.2.0"
  },
  "service/elastictranscoder": {
   "From": "v1.1.2",
   "To": "v1.2.0"
  },
  "service/emr": {
   "From": "v1.1.2",
   "To": "v1.2.0"
  },
  "service/emrcontainers": {
   "From": "v1.1.2",
   "To": "v1.2.0"
  },
  "service/eventbridge": {
   "From": "v1.1.2",
   "To": "v1.2.0"
  },
  "service/firehose": {
   "From": "v1.1.2",
   "To": "v1.2.0"
  },
  "service/fis": {
   "From": "",
   "To": "v1.0.0"
  },
  "service/fms": {
   "From": "v1.1.2",
   "To": "v1.2.0"
  },
  "service/forecast": {
   "From": "v1.1.2",
   "To": "v1.2.0"
  },
  "service/forecastquery": {
   "From": "v1.1.2",
   "To": "v1.1.3"
  },
  "service/frauddetector": {
   "From": "v1.1.2",
   "To": "v1.2.0"
  },
  "service/fsx": {
   "From": "v1.1.2",
   "To": "v1.2.0"
  },
  "service/gamelift": {
   "From": "v1.1.2",
   "To": "v1.2.0"
  },
  "service/glacier": {
   "From": "v1.1.2",
   "To": "v1.2.0"
  },
  "service/globalaccelerator": {
   "From": "v1.1.2",
   "To": "v1.2.0"
  },
  "service/glue": {
   "From": "v1.1.2",
   "To": "v1.2.0"
  },
  "service/greengrass": {
   "From": "v1.1.2",
   "To": "v1.2.0"
  },
  "service/greengrassv2": {
   "From": "v1.1.2",
   "To": "v1.2.0"
  },
  "service/groundstation": {
   "From": "v1.1.2",
   "To": "v1.2.0"
  },
  "service/guardduty": {
   "From": "v1.1.2",
   "To": "v1.2.0"
  },
  "service/health": {
   "From": "v1.1.2",
   "To": "v1.2.0"
  },
  "service/healthlake": {
   "From": "v1.1.2",
   "To": "v1.2.0"
  },
  "service/honeycode": {
   "From": "v1.1.2",
   "To": "v1.1.3"
  },
  "service/iam": {
   "From": "v1.1.2",
   "To": "v1.2.0"
  },
  "service/identitystore": {
   "From": "v1.1.2",
   "To": "v1.1.3"
  },
  "service/imagebuilder": {
   "From": "v1.1.2",
   "To": "v1.2.0"
  },
  "service/inspector": {
   "From": "v1.1.2",
   "To": "v1.1.3"
  },
  "service/internal/benchmark": {
   "From": "v0.4.4",
   "To": "v0.5.0"
  },
  "service/internal/integrationtest": {
   "From": "v0.4.4",
   "To": "v0.5.0"
  },
  "service/internal/presigned-url": {
   "From": "v1.0.3",
   "To": "v1.0.4"
  },
  "service/internal/s3shared": {
   "From": "v1.1.1",
   "To": "v1.2.0"
  },
  "service/iot": {
   "From": "v1.1.2",
   "To": "v1.2.0"
  },
  "service/iot1clickdevicesservice": {
   "From": "v1.1.2",
   "To": "v1.1.3"
  },
  "service/iot1clickprojects": {
   "From": "v1.1.2",
   "To": "v1.1.3"
  },
  "service/iotanalytics": {
   "From": "v1.1.2",
   "To": "v1.1.3"
  },
  "service/iotdataplane": {
   "From": "v1.1.2",
   "To": "v1.1.3"
  },
  "service/iotdeviceadvisor": {
   "From": "v1.1.2",
   "To": "v1.2.0"
  },
  "service/iotevents": {
   "From": "v1.1.2",
   "To": "v1.2.0"
  },
  "service/ioteventsdata": {
   "From": "v1.1.2",
   "To": "v1.1.3"
  },
  "service/iotfleethub": {
   "From": "v1.1.2",
   "To": "v1.2.0"
  },
  "service/iotjobsdataplane": {
   "From": "v1.1.2",
   "To": "v1.1.3"
  },
  "service/iotsecuretunneling": {
   "From": "v1.1.2",
   "To": "v1.1.3"
  },
  "service/iotsitewise": {
   "From": "v1.1.2",
   "To": "v1.2.0"
  },
  "service/iotthingsgraph": {
   "From": "v1.1.2",
   "To": "v1.1.3"
  },
  "service/iotwireless": {
   "From": "v1.1.2",
   "To": "v1.2.0"
  },
  "service/ivs": {
   "From": "v1.1.2",
   "To": "v1.2.0"
  },
  "service/kafka": {
   "From": "v1.1.2",
   "To": "v1.2.0"
  },
  "service/kendra": {
   "From": "v1.1.2",
   "To": "v1.1.3"
  },
  "service/kinesis": {
   "From": "v1.1.2",
   "To": "v1.2.0"
  },
  "service/kinesisanalytics": {
   "From": "v1.1.2",
   "To": "v1.1.3"
  },
  "service/kinesisanalyticsv2": {
   "From": "v1.1.2",
   "To": "v1.1.3"
  },
  "service/kinesisvideo": {
   "From": "v1.1.2",
   "To": "v1.1.3"
  },
  "service/kinesisvideoarchivedmedia": {
   "From": "v1.1.2",
   "To": "v1.2.0"
  },
  "service/kinesisvideomedia": {
   "From": "v1.1.2",
   "To": "v1.1.3"
  },
  "service/kinesisvideosignaling": {
   "From": "v1.1.2",
   "To": "v1.1.3"
  },
  "service/kms": {
   "From": "v1.1.2",
   "To": "v1.2.0"
  },
  "service/lakeformation": {
   "From": "v1.1.2",
   "To": "v1.2.0"
  },
  "service/lambda": {
   "From": "v1.1.2",
   "To": "v1.2.0"
  },
  "service/lexmodelbuildingservice": {
   "From": "v1.1.2",
   "To": "v1.2.0"
  },
  "service/lexmodelsv2": {
   "From": "",
   "To": "v1.0.0"
  },
  "service/lexruntimeservice": {
   "From": "v1.1.2",
   "To": "v1.2.0"
  },
  "service/lexruntimev2": {
   "From": "",
   "To": "v1.0.0"
  },
  "service/licensemanager": {
   "From": "v1.1.2",
   "To": "v1.2.0"
  },
  "service/lightsail": {
   "From": "v1.1.2",
   "To": "v1.2.0"
  },
  "service/lookoutvision": {
   "From": "v1.1.2",
   "To": "v1.2.0"
  },
  "service/machinelearning": {
   "From": "v1.1.2",
   "To": "v1.2.0"
  },
  "service/macie": {
   "From": "v1.1.2",
   "To": "v1.2.0"
  },
  "service/macie2": {
   "From": "v1.1.2",
   "To": "v1.2.0"
  },
  "service/managedblockchain": {
   "From": "v1.1.2",
   "To": "v1.2.0"
  },
  "service/marketplacecatalog": {
   "From": "v1.1.2",
   "To": "v1.1.3"
  },
  "service/marketplacecommerceanalytics": {
   "From": "v1.1.2",
   "To": "v1.1.3"
  },
  "service/marketplaceentitlementservice": {
   "From": "v1.1.2",
   "To": "v1.1.3"
  },
  "service/marketplacemetering": {
   "From": "v1.1.2",
   "To": "v1.2.0"
  },
  "service/mediaconnect": {
   "From": "v1.1.2",
   "To": "v1.2.0"
  },
  "service/mediaconvert": {
   "From": "v1.1.2",
   "To": "v1.2.0"
  },
  "service/medialive": {
   "From": "v1.1.2",
   "To": "v1.2.0"
  },
  "service/mediapackage": {
   "From": "v1.1.2",
   "To": "v1.2.0"
  },
  "service/mediapackagevod": {
   "From": "v1.1.2",
   "To": "v1.2.0"
  },
  "service/mediastore": {
   "From": "v1.1.2",
   "To": "v1.1.3"
  },
  "service/mediastoredata": {
   "From": "v1.1.2",
   "To": "v1.2.0"
  },
  "service/mediatailor": {
   "From": "v1.1.2",
   "To": "v1.2.0"
  },
  "service/migrationhub": {
   "From": "v1.1.2",
   "To": "v1.1.3"
  },
  "service/migrationhubconfig": {
   "From": "v1.1.2",
   "To": "v1.1.3"
  },
  "service/mobile": {
   "From": "v1.1.2",
   "To": "v1.1.3"
  },
  "service/mq": {
   "From": "v1.1.2",
   "To": "v1.1.3"
  },
  "service/mturk": {
   "From": "v1.1.2",
   "To": "v1.1.3"
  },
  "service/mwaa": {
   "From": "",
   "To": "v1.0.0"
  },
  "service/neptune": {
   "From": "v1.2.0",
   "To": "v1.3.0"
  },
  "service/networkfirewall": {
   "From": "v1.1.2",
   "To": "v1.2.0"
  },
  "service/networkmanager": {
   "From": "v1.1.2",
   "To": "v1.1.3"
  },
  "service/opsworks": {
   "From": "v1.1.2",
   "To": "v1.2.0"
  },
  "service/opsworkscm": {
   "From": "v1.1.2",
   "To": "v1.2.0"
  },
  "service/organizations": {
   "From": "v1.1.2",
   "To": "v1.2.0"
  },
  "service/outposts": {
   "From": "v1.1.2",
   "To": "v1.2.0"
  },
  "service/personalize": {
   "From": "v1.1.2",
   "To": "v1.2.0"
  },
  "service/personalizeevents": {
   "From": "v1.1.2",
   "To": "v1.2.0"
  },
  "service/personalizeruntime": {
   "From": "v1.1.2",
   "To": "v1.1.3"
  },
  "service/pi": {
   "From": "v1.1.2",
   "To": "v1.2.0"
  },
  "service/pinpoint": {
   "From": "v1.1.2",
   "To": "v1.2.0"
  },
  "service/pinpointemail": {
   "From": "v1.1.2",
   "To": "v1.1.3"
  },
  "service/pinpointsmsvoice": {
   "From": "v1.1.2",
   "To": "v1.1.3"
  },
  "service/polly": {
   "From": "v1.1.2",
   "To": "v1.1.3"
  },
  "service/pricing": {
   "From": "v1.1.2",
   "To": "v1.2.0"
  },
  "service/qldb": {
   "From": "v1.1.2",
   "To": "v1.1.3"
  },
  "service/qldbsession": {
   "From": "v1.1.2",
   "To": "v1.2.0"
  },
  "service/quicksight": {
   "From": "v1.1.2",
   "To": "v1.2.0"
  },
  "service/ram": {
   "From": "v1.1.2",
   "To": "v1.2.0"
  },
  "service/rds": {
   "From": "v1.1.2",
   "To": "v1.2.0"
  },
  "service/rdsdata": {
   "From": "v1.1.2",
   "To": "v1.2.0"
  },
  "service/redshift": {
   "From": "v1.1.2",
   "To": "v1.2.0"
  },
  "service/redshiftdata": {
   "From": "v1.1.2",
   "To": "v1.2.0"
  },
  "service/rekognition": {
   "From": "v1.1.2",
   "To": "v1.2.0"
  },
  "service/resourcegroups": {
   "From": "v1.1.2",
   "To": "v1.2.0"
  },
  "service/resourcegroupstaggingapi": {
   "From": "v1.1.2",
   "To": "v1.2.0"
  },
  "service/robomaker": {
   "From": "v1.1.2",
   "To": "v1.2.0"
  },
  "service/route53": {
   "From": "v1.1.2",
   "To": "v1.2.0"
  },
  "service/route53domains": {
   "From": "v1.1.2",
   "To": "v1.1.3"
  },
  "service/route53resolver": {
   "From": "v1.1.2",
   "To": "v1.2.0"
  },
  "service/s3": {
   "From": "v1.2.1",
   "To": "v1.3.0"
  },
  "service/s3/internal/configtesting": {
   "From": "v1.0.3",
   "To": "v1.1.0"
  },
  "service/s3control": {
   "From": "v1.2.1",
   "To": "v1.3.0"
  },
  "service/s3outposts": {
   "From": "v1.1.2",
   "To": "v1.1.3"
  },
  "service/sagemaker": {
   "From": "v1.1.2",
   "To": "v1.2.0"
  },
  "service/sagemakera2iruntime": {
   "From": "v1.1.2",
   "To": "v1.1.3"
  },
  "service/sagemakeredge": {
   "From": "v1.1.2",
   "To": "v1.2.0"
  },
  "service/sagemakerfeaturestoreruntime": {
   "From": "v1.1.2",
   "To": "v1.2.0"
  },
  "service/sagemakerruntime": {
   "From": "v1.1.2",
   "To": "v1.2.0"
  },
  "service/savingsplans": {
   "From": "v1.1.2",
   "To": "v1.1.3"
  },
  "service/schemas": {
   "From": "v1.1.2",
   "To": "v1.2.0"
  },
  "service/secretsmanager": {
   "From": "v1.1.2",
   "To": "v1.2.0"
  },
  "service/securityhub": {
   "From": "v1.1.2",
   "To": "v1.2.0"
  },
  "service/serverlessapplicationrepository": {
   "From": "v1.1.2",
   "To": "v1.1.3"
  },
  "service/servicecatalog": {
   "From": "v1.1.2",
   "To": "v1.2.0"
  },
  "service/servicecatalogappregistry": {
   "From": "v1.1.2",
   "To": "v1.1.3"
  },
  "service/servicediscovery": {
   "From": "v1.1.2",
   "To": "v1.2.0"
  },
  "service/servicequotas": {
   "From": "v1.1.2",
   "To": "v1.2.0"
  },
  "service/ses": {
   "From": "v1.1.2",
   "To": "v1.2.0"
  },
  "service/sesv2": {
   "From": "v1.1.2",
   "To": "v1.2.0"
  },
  "service/sfn": {
   "From": "v1.1.2",
   "To": "v1.2.0"
  },
  "service/shield": {
   "From": "v1.1.2",
   "To": "v1.2.0"
  },
  "service/signer": {
   "From": "v1.1.2",
   "To": "v1.2.0"
  },
  "service/sms": {
   "From": "v1.1.2",
   "To": "v1.1.3"
  },
  "service/snowball": {
   "From": "v1.1.2",
   "To": "v1.2.0"
  },
  "service/sns": {
   "From": "v1.1.2",
   "To": "v1.2.0"
  },
  "service/sqs": {
   "From": "v1.1.2",
   "To": "v1.2.0"
  },
  "service/ssm": {
   "From": "v1.1.2",
   "To": "v1.2.0"
  },
  "service/sso": {
   "From": "v1.1.2",
   "To": "v1.1.3"
  },
  "service/ssoadmin": {
   "From": "v1.1.2",
   "To": "v1.2.0"
  },
  "service/ssooidc": {
   "From": "v1.1.2",
   "To": "v1.1.3"
  },
  "service/storagegateway": {
   "From": "v1.1.2",
   "To": "v1.1.3"
  },
  "service/sts": {
   "From": "v1.1.2",
   "To": "v1.2.0"
  },
  "service/support": {
   "From": "v1.1.2",
   "To": "v1.1.3"
  },
  "service/swf": {
   "From": "v1.1.2",
   "To": "v1.2.0"
  },
  "service/synthetics": {
   "From": "v1.1.2",
   "To": "v1.1.3"
  },
  "service/textract": {
   "From": "v1.1.2",
   "To": "v1.1.3"
  },
  "service/timestreamquery": {
   "From": "v1.1.2",
   "To": "v1.1.3"
  },
  "service/timestreamwrite": {
   "From": "v1.1.2",
   "To": "v1.1.3"
  },
  "service/transcribe": {
   "From": "v1.1.2",
   "To": "v1.1.3"
  },
  "service/transfer": {
   "From": "v1.1.2",
   "To": "v1.2.0"
  },
  "service/translate": {
   "From": "v1.1.2",
   "To": "v1.1.3"
  },
  "service/waf": {
   "From": "v1.1.2",
   "To": "v1.1.3"
  },
  "service/wafregional": {
   "From": "v1.1.2",
   "To": "v1.2.0"
  },
  "service/wafv2": {
   "From": "v1.1.2",
   "To": "v1.2.0"
  },
  "service/wellarchitected": {
   "From": "v1.1.2",
   "To": "v1.2.0"
  },
  "service/workdocs": {
   "From": "v1.1.2",
   "To": "v1.1.3"
  },
  "service/worklink": {
   "From": "v1.1.2",
   "To": "v1.1.3"
  },
  "service/workmail": {
   "From": "v1.1.2",
   "To": "v1.1.3"
  },
  "service/workmailmessageflow": {
   "From": "v1.1.2",
   "To": "v1.2.0"
  },
  "service/workspaces": {
   "From": "v1.1.2",
   "To": "v1.2.0"
  },
  "service/xray": {
   "From": "v1.1.2",
   "To": "v1.2.0"
  }
 },
 "Changes": [
  {
   "ID": "feature.s3.manager-bugfix-1616090448558199000",
   "SchemaVersion": 1,
   "Module": "feature/s3/manager",
   "Type": "bugfix",
   "Description": "Add support for Amazon S3 Object Lambda feature.",
   "MinVersion": "",
   "AffectedModules": null
  },
  {
   "ID": "feature.s3.manager-feature-1616093328620827000",
   "SchemaVersion": 1,
   "Module": "feature/s3/manager",
   "Type": "feature",
   "Description": "Updates for S3 Object Lambda feature",
   "MinVersion": "",
   "AffectedModules": null
  },
  {
   "ID": "sdk-feature-1615946574682127000",
   "SchemaVersion": 1,
   "Module": "/",
   "Type": "feature",
   "Description": "Add helper to V4 signer package to swap compute payload hash middleware with unsigned payload middleware",
   "MinVersion": "",
   "AffectedModules": null
  },
  {
   "ID": "service.internal.s3shared-feature-1616093429190725000",
   "SchemaVersion": 1,
   "Module": "service/internal/s3shared",
   "Type": "feature",
   "Description": "Support for S3 Object Lambda",
   "MinVersion": "",
   "AffectedModules": null
  },
  {
   "ID": "service.s3-bugfix-1615945295096775000",
   "SchemaVersion": 1,
   "Module": "service/s3",
   "Type": "bugfix",
   "Description": "Adds documentation to the PutObject and UploadPart operations Body member how to upload unseekable objects to an Amazon S3 Bucket.",
   "MinVersion": "",
   "AffectedModules": null
  },
  {
   "ID": "service.s3-feature-1616093381239174000",
   "SchemaVersion": 1,
   "Module": "service/s3",
   "Type": "feature",
   "Description": "S3 Object Lambda is a new S3 feature that enables users to apply their own custom code to process the output of a standard S3 GET request by automatically invoking a Lambda function with a GET request",
   "MinVersion": "",
   "AffectedModules": null
  },
  {
   "ID": "service.s3control-feature-1616093391667799000",
   "SchemaVersion": 1,
   "Module": "service/s3control",
   "Type": "feature",
   "Description": "S3 Object Lambda is a new S3 feature that enables users to apply their own custom code to process the output of a standard S3 GET request by automatically invoking a Lambda function with a GET request",
   "MinVersion": "",
   "AffectedModules": null
  },
  {
   "ID": "service.wildcard-bugfix-1616093590156551000",
   "SchemaVersion": 1,
   "Module": "service/...",
   "Type": "bugfix",
   "Description": "Updated presign URLs to no longer include the X-Amz-User-Agent header",
   "MinVersion": "",
   "AffectedModules": [
    "service/docdb",
    "service/ec2",
    "service/neptune",
    "service/rds",
    "service/s3",
    "service/sts"
   ]
  },
  {
   "ID": "service.wildcard-feature-1616096238486368000",
   "SchemaVersion": 1,
   "Module": "service/...",
   "Type": "feature",
   "Description": "Update API model",
   "MinVersion": "",
   "AffectedModules": [
    "service/accessanalyzer",
    "service/acm",
    "service/acmpca",
    "service/alexaforbusiness",
    "service/apigateway",
    "service/apigatewayv2",
    "service/appflow",
    "service/appintegrations",
    "service/applicationautoscaling",
    "service/appmesh",
    "service/appstream",
    "service/appsync",
    "service/athena",
    "service/auditmanager",
    "service/autoscaling",
    "service/autoscalingplans",
    "service/backup",
    "service/batch",
    "service/braket",
    "service/chime",
    "service/cloudformation",
    "service/cloudfront",
    "service/cloudsearch",
    "service/cloudsearchdomain",
    "service/cloudtrail",
    "service/cloudwatch",
    "service/cloudwatchevents",
    "service/cloudwatchlogs",
    "service/codebuild",
    "service/codedeploy",
    "service/codeguruprofiler",
    "service/codegurureviewer",
    "service/codepipeline",
    "service/cognitoidentity",
    "service/cognitoidentityprovider",
    "service/comprehend",
    "service/computeoptimizer",
    "service/configservice",
    "service/connect",
    "service/connectcontactlens",
    "service/costandusagereportservice",
    "service/costexplorer",
    "service/customerprofiles",
    "service/databasemigrationservice",
    "service/databrew",
    "service/dataexchange",
    "service/datasync",
    "service/detective",
    "service/devopsguru",
    "service/directconnect",
    "service/dlm",
    "service/docdb",
    "service/dynamodb",
    "service/ebs",
    "service/ec2",
    "service/ecr",
    "service/ecrpublic",
    "service/ecs",
    "service/efs",
    "service/eks",
    "service/elasticache",
    "service/elasticbeanstalk",
    "service/elasticloadbalancing",
    "service/elasticloadbalancingv2",
    "service/elasticsearchservice",
    "service/elastictranscoder",
    "service/emr",
    "service/emrcontainers",
    "service/eventbridge",
    "service/firehose",
    "service/fms",
    "service/forecast",
    "service/frauddetector",
    "service/fsx",
    "service/gamelift",
    "service/glacier",
    "service/globalaccelerator",
    "service/glue",
    "service/greengrass",
    "service/greengrassv2",
    "service/groundstation",
    "service/guardduty",
    "service/health",
    "service/healthlake",
    "service/iam",
    "service/imagebuilder",
    "service/internal/benchmark",
    "service/internal/integrationtest",
    "service/iot",
    "service/iotdeviceadvisor",
    "service/iotevents",
    "service/iotfleethub",
    "service/iotsitewise",
    "service/iotwireless",
    "service/ivs",
    "service/kafka",
    "service/kinesis",
    "service/kinesisvideoarchivedmedia",
    "service/kms",
    "service/lakeformation",
    "service/lambda",
    "service/lexmodelbuildingservice",
    "service/lexruntimeservice",
    "service/licensemanager",
    "service/lightsail",
    "service/lookoutvision",
    "service/machinelearning",
    "service/macie",
    "service/macie2",
    "service/managedblockchain",
    "service/marketplacemetering",
    "service/mediaconnect",
    "service/mediaconvert",
    "service/medialive",
    "service/mediapackage",
    "service/mediapackagevod",
    "service/mediastoredata",
    "service/mediatailor",
    "service/neptune",
    "service/networkfirewall",
    "service/opsworks",
    "service/opsworkscm",
    "service/organizations",
    "service/outposts",
    "service/personalize",
    "service/personalizeevents",
    "service/pi",
    "service/pinpoint",
    "service/pricing",
    "service/qldbsession",
    "service/quicksight",
    "service/ram",
    "service/rds",
    "service/rdsdata",
    "service/redshift",
    "service/redshiftdata",
    "service/rekognition",
    "service/resourcegroups",
    "service/resourcegroupstaggingapi",
    "service/robomaker",
    "service/route53",
    "service/route53resolver",
    "service/s3",
    "service/s3/internal/configtesting",
    "service/s3control",
    "service/s3control/s3",
    "service/sagemaker",
    "service/sagemakeredge",
    "service/sagemakerfeaturestoreruntime",
    "service/sagemakerruntime",
    "service/schemas",
    "service/secretsmanager",
    "service/securityhub",
    "service/servicecatalog",
    "service/servicediscovery",
    "service/servicequotas",
    "service/ses",
    "service/sesv2",
    "service/sfn",
    "service/shield",
    "service/signer",
    "service/snowball",
    "service/sns",
    "service/sqs",
    "service/ssm",
    "service/ssoadmin",
    "service/sts",
    "service/swf",
    "service/transfer",
    "service/wafregional",
    "service/wafv2",
    "service/wellarchitected",
    "service/workmailmessageflow",
    "service/workspaces",
    "service/xray"
   ]
  },
  {
   "ID": "service.wildcard-major-1616104884155274000",
   "SchemaVersion": 1,
   "Module": "service/...",
   "Type": "major",
   "Description": "New supported API",
   "MinVersion": "v1.0.0",
   "AffectedModules": [
    "service/amp",
    "service/amplifybackend",
    "service/fis",
    "service/lexmodelsv2",
    "service/lexruntimev2",
    "service/mwaa"
   ]
  },
  {
   "ID": "wildcard-dependency-1616111179075935000",
   "SchemaVersion": 1,
   "Module": "...",
   "Type": "dependency",
   "Description": "Updated SDK dependencies to their latest versions.",
   "MinVersion": "",
   "AffectedModules": [
    "internal/repotools/changes",
    "service/directoryservice",
    "service/cloudhsm",
    "service/identitystore",
    "service/codecommit",
    "service/inspector",
    "internal/protocoltest/query",
    "service/iotsecuretunneling",
    "service/mediastore",
    "config",
    "example/service/s3/listObjects",
    "service/devicefarm",
    "service/honeycode",
    "service/kinesisvideosignaling",
    "internal/protocoltest/jsonrpc10",
    "service/amplify",
    "service/personalizeruntime",
    "service/pinpointemail",
    "service/iotjobsdataplane",
    "feature/dynamodb/expression",
    "service/mobile",
    "service/workmail",
    "service/kinesisvideo",
    "service/kendra",
    "service/iot1clickdevicesservice",
    "service/iot1clickprojects",
    "service/marketplacecatalog",
    "internal/protocoltest/awsrestjson",
    "service/cloud9",
    "service/iotdataplane",
    "service/serverlessapplicationrepository",
    "service/support",
    "service/appconfig",
    "service/applicationdiscoveryservice",
    "service/applicationinsights",
    "service/timestreamquery",
    "feature/dynamodbstreams/attributevalue",
    "service/migrationhub",
    "service/networkmanager",
    "service/timestreamwrite",
    "service/ssooidc",
    "service/apigatewaymanagementapi",
    "service/mq",
    "feature/cloudfront/sign",
    "service/cloudhsmv2",
    "service/connectparticipant",
    "service/budgets",
    "service/codeartifact",
    "service/dynamodbstreams",
    "internal/protocoltest/jsonrpc",
    "service/translate",
    "example/service/s3/usingPrivateLink",
    "service/polly",
    "credentials",
    "service/cognitosync",
    "service/route53domains",
    "service/comprehendmedical",
    "service/kinesisanalyticsv2",
    "service/kinesisanalytics",
    "service/codestar",
    "service/s3outposts",
    "service/sms",
    "service/pinpointsmsvoice",
    "service/qldb",
    "service/transcribe",
    "service/waf",
    "service/dax",
    "service/savingsplans",
    "feature/ec2/imds",
    "service/internal/presigned-url",
    "service/marketplacecommerceanalytics",
    "service/elasticinference",
    "internal/protocoltest/restxmlwithnamespace",
    "feature/dynamodb/attributevalue",
    "service/kinesisvideomedia",
    "service/worklink",
    "service/codestarconnections",
    "service/storagegateway",
    "service/ec2instanceconnect",
    "service/sagemakera2iruntime",
    "internal/protocoltest/restxml",
    "service/codestarnotifications",
    "service/datapipeline",
    "service/migrationhubconfig",
    "service/ioteventsdata",
    "service/workdocs",
    "service/forecastquery",
    "service/marketplaceentitlementservice",
    "service/textract",
    "service/clouddirectory",
    "service/servicecatalogappregistry",
    "internal/protocoltest/ec2query",
    "service/mturk",
    "service/sso",
    "service/iotanalytics",
    "service/iotthingsgraph",
    "service/synthetics"
   ]
  }
 ]
}